Price_area,Date,Hour,Price_NOK_MWh,Price_NOK_kWh
NO1,2019-07-01,1,273.45238095238096,0.27345238095238095
NO2,2019-07-01,1,273.6904761904762,0.2736904761904762
NO3,2019-07-01,1,265.1190476190476,0.2651190476190476
NO4,2019-07-01,1,265.1190476190476,0.2651190476190476
NO5,2019-07-01,1,273.45238095238096,0.27345238095238095
NO1,2019-07-08,1,334.4047619047619,0.3344047619047619
NO2,2019-07-08,1,334.4047619047619,0.3344047619047619
NO3,2019-07-08,1,325.59523809523813,0.3255952380952381
NO4,2019-07-08,1,324.1071428571429,0.32410714285714287
NO5,2019-07-08,1,334.4047619047619,0.3344047619047619
NO1,2019-07-15,1,360.3571428571429,0.3603571428571429
NO2,2019-07-15,1,360.3571428571429,0.3603571428571429
NO3,2019-07-15,1,352.32142857142856,0.35232142857142856
NO4,2019-07-15,1,347.9761904761905,0.3479761904761905
NO5,2019-07-15,1,360.3571428571429,0.3603571428571429
NO1,2019-07-22,1,363.75,0.36375
NO2,2019-07-22,1,363.75,0.36375
NO3,2019-07-22,1,365.17857142857144,0.36517857142857146
NO4,2019-07-22,1,365.11904761904765,0.3651190476190476
NO5,2019-07-22,1,363.75,0.36375
NO1,2019-07-29,1,386.0119047619048,0.38601190476190483
NO2,2019-07-29,1,386.0119047619048,0.38601190476190483
NO3,2019-07-29,1,387.0238095238095,0.3870238095238095
NO4,2019-07-29,1,386.25,0.38625
NO5,2019-07-29,1,386.0119047619048,0.38601190476190483
NO1,2019-08-05,1,365.7142857142857,0.3657142857142857
NO2,2019-08-05,1,365.7142857142857,0.3657142857142857
NO3,2019-08-05,1,370.5357142857143,0.3705357142857143
NO4,2019-08-05,1,374.16666666666663,0.37416666666666665
NO5,2019-08-05,1,365.7142857142857,0.3657142857142857
NO1,2019-08-12,1,335.23809523809524,0.3352380952380952
NO2,2019-08-12,1,335.23809523809524,0.3352380952380952
NO3,2019-08-12,1,345.4761904761905,0.3454761904761905
NO4,2019-08-12,1,347.3809523809524,0.3473809523809524
NO5,2019-08-12,1,335.23809523809524,0.3352380952380952
NO1,2019-08-19,1,328.75,0.32875
NO2,2019-08-19,1,328.75,0.32875
NO3,2019-08-19,1,349.4642857142857,0.3494642857142857
NO4,2019-08-19,1,348.2142857142857,0.3482142857142857
NO5,2019-08-19,1,328.75,0.32875
NO1,2019-08-26,1,322.26190476190476,0.32226190476190475
NO2,2019-08-26,1,322.26190476190476,0.32226190476190475
NO3,2019-08-26,1,374.5238095238095,0.37452380952380954
NO4,2019-08-26,1,353.3333333333333,0.35333333333333333
NO5,2019-08-26,1,322.26190476190476,0.32226190476190475
NO1,2019-09-02,1,298.57142857142856,0.29857142857142854
NO2,2019-09-02,1,306.3690476190476,0.3063690476190476
NO3,2019-09-02,1,355.05952380952385,0.3550595238095238
NO4,2019-09-02,1,352.6190476190476,0.3526190476190476
NO5,2019-09-02,1,298.57142857142856,0.29857142857142854
NO1,2019-09-09,1,286.25,0.28625
NO2,2019-09-09,1,286.25,0.28625
NO3,2019-09-09,1,317.9761904761905,0.31797619047619047
NO4,2019-09-09,1,313.51190476190476,0.31351190476190477
NO5,2019-09-09,1,286.25,0.28625
NO1,2019-09-16,1,284.2261904761905,0.28422619047619047
NO2,2019-09-16,1,284.2261904761905,0.28422619047619047
NO3,2019-09-16,1,326.9047619047619,0.3269047619047619
NO4,2019-09-16,1,332.73809523809524,0.3327380952380952
NO5,2019-09-16,1,284.2261904761905,0.28422619047619047
NO1,2019-09-23,1,313.2142857142857,0.3132142857142857
NO2,2019-09-23,1,313.2142857142857,0.3132142857142857
NO3,2019-09-23,1,327.5595238095238,0.3275595238095238
NO4,2019-09-23,1,327.79761904761904,0.32779761904761906
NO5,2019-09-23,1,313.2142857142857,0.3132142857142857
NO1,2019-09-30,1,350.41666666666663,0.35041666666666665
NO2,2019-09-30,1,350.41666666666663,0.35041666666666665
NO3,2019-09-30,1,350.0595238095238,0.3500595238095238
NO4,2019-09-30,1,335.8333333333333,0.3358333333333333
NO5,2019-09-30,1,350.41666666666663,0.35041666666666665
NO1,2019-10-07,1,363.3333333333333,0.36333333333333334
NO2,2019-10-07,1,363.3333333333333,0.36333333333333334
NO3,2019-10-07,1,360.23809523809524,0.36023809523809525
NO4,2019-10-07,1,360.23809523809524,0.36023809523809525
NO5,2019-10-07,1,363.3928571428571,0.36339285714285713
NO1,2019-10-14,1,364.16666666666663,0.36416666666666664
NO2,2019-10-14,1,362.73809523809524,0.36273809523809525
NO3,2019-10-14,1,374.4047619047619,0.3744047619047619
NO4,2019-10-14,1,371.3690476190476,0.3713690476190476
NO5,2019-10-14,1,364.16666666666663,0.36416666666666664
NO1,2019-10-21,1,380.89285714285717,0.38089285714285714
NO2,2019-10-21,1,380.5952380952381,0.3805952380952381
NO3,2019-10-21,1,370.1785714285714,0.3701785714285714
NO4,2019-10-21,1,367.5,0.3675
NO5,2019-10-21,1,380.89285714285717,0.38089285714285714
NO1,2019-10-28,1,398.3928571428571,0.3983928571428571
NO2,2019-10-28,1,398.3928571428571,0.3983928571428571
NO3,2019-10-28,1,390.7142857142857,0.39071428571428574
NO4,2019-10-28,1,390.5357142857143,0.39053571428571426
NO5,2019-10-28,1,398.3928571428571,0.3983928571428571
NO1,2019-11-04,1,454.1071428571429,0.4541071428571429
NO2,2019-11-04,1,452.20238095238096,0.45220238095238097
NO3,2019-11-04,1,451.7261904761905,0.4517261904761905
NO4,2019-11-04,1,441.07142857142856,0.44107142857142856
NO5,2019-11-04,1,454.1071428571429,0.4541071428571429
NO1,2019-11-11,1,433.63095238095235,0.43363095238095234
NO2,2019-11-11,1,433.2738095238096,0.43327380952380956
NO3,2019-11-11,1,414.2261904761905,0.41422619047619047
NO4,2019-11-11,1,414.2261904761905,0.41422619047619047
NO5,2019-11-11,1,433.63095238095235,0.43363095238095234
NO1,2019-11-18,1,413.15476190476187,0.41315476190476186
NO2,2019-11-18,1,413.15476190476187,0.41315476190476186
NO3,2019-11-18,1,405.59523809523813,0.4055952380952381
NO4,2019-11-18,1,403.8690476190476,0.40386904761904757
NO5,2019-11-18,1,415.29761904761904,0.415297619047619
NO1,2019-11-25,1,425.5952380952381,0.4255952380952381
NO2,2019-11-25,1,425.5952380952381,0.4255952380952381
NO3,2019-11-25,1,412.79761904761904,0.412797619047619
NO4,2019-11-25,1,409.4047619047619,0.40940476190476194
NO5,2019-11-25,1,427.7976190476191,0.4277976190476191
NO1,2019-12-02,1,413.9285714285715,0.4139285714285715
NO2,2019-12-02,1,409.4047619047619,0.40940476190476194
NO3,2019-12-02,1,375.7738095238096,0.37577380952380957
NO4,2019-12-02,1,374.70238095238096,0.37470238095238095
NO5,2019-12-02,1,415.0,0.415
NO1,2019-12-09,1,387.4404761904762,0.3874404761904762
NO2,2019-12-09,1,387.14285714285717,0.3871428571428572
NO3,2019-12-09,1,362.9166666666667,0.36291666666666667
NO4,2019-12-09,1,362.9166666666667,0.36291666666666667
NO5,2019-12-09,1,387.49999999999994,0.38749999999999996
NO1,2019-12-16,1,377.9761904761905,0.37797619047619047
NO2,2019-12-16,1,377.9761904761905,0.37797619047619047
NO3,2019-12-16,1,369.5238095238095,0.36952380952380953
NO4,2019-12-16,1,369.3452380952381,0.36934523809523806
NO5,2019-12-16,1,377.9761904761905,0.37797619047619047
NO1,2019-12-23,1,356.7261904761905,0.3567261904761905
NO2,2019-12-23,1,356.7261904761905,0.3567261904761905
NO3,2019-12-23,1,344.3452380952381,0.3443452380952381
NO4,2019-12-23,1,343.6904761904762,0.3436904761904762
NO5,2019-12-23,1,356.7261904761905,0.3567261904761905
NO1,2019-12-30,1,305.7142857142857,0.3057142857142857
NO2,2019-12-30,1,305.7142857142857,0.3057142857142857
NO3,2019-12-30,1,259.4047619047619,0.2594047619047619
NO4,2019-12-30,1,258.0952380952381,0.2580952380952381
NO5,2019-12-30,1,305.7142857142857,0.3057142857142857
NO1,2020-01-06,1,270.7738095238095,0.2707738095238095
NO2,2020-01-06,1,270.7738095238095,0.2707738095238095
NO3,2020-01-06,1,257.79761904761904,0.25779761904761905
NO4,2020-01-06,1,257.61904761904765,0.25761904761904764
NO5,2020-01-06,1,270.6547619047619,0.2706547619047619
NO1,2020-01-13,1,242.02380952380955,0.24202380952380956
NO2,2020-01-13,1,242.02380952380955,0.24202380952380956
NO3,2020-01-13,1,235.83333333333331,0.2358333333333333
NO4,2020-01-13,1,235.83333333333331,0.2358333333333333
NO5,2020-01-13,1,242.02380952380955,0.24202380952380956
NO1,2020-01-20,1,208.6904761904762,0.2086904761904762
NO2,2020-01-20,1,208.6904761904762,0.2086904761904762
NO3,2020-01-20,1,203.75,0.20375
NO4,2020-01-20,1,203.75,0.20375
NO5,2020-01-20,1,208.6904761904762,0.2086904761904762
NO1,2020-01-27,1,195.5952380952381,0.1955952380952381
NO2,2020-01-27,1,195.5952380952381,0.1955952380952381
NO3,2020-01-27,1,195.71428571428572,0.19571428571428573
NO4,2020-01-27,1,194.46428571428572,0.19446428571428573
NO5,2020-01-27,1,195.5952380952381,0.1955952380952381
NO1,2020-02-03,1,163.15476190476193,0.1631547619047619
NO2,2020-02-03,1,163.15476190476193,0.1631547619047619
NO3,2020-02-03,1,163.21428571428572,0.16321428571428573
NO4,2020-02-03,1,163.15476190476193,0.1631547619047619
NO5,2020-02-03,1,163.15476190476193,0.1631547619047619
NO1,2020-02-10,1,122.3809523809524,0.1223809523809524
NO2,2020-02-10,1,122.3809523809524,0.1223809523809524
NO3,2020-02-10,1,127.85714285714286,0.12785714285714286
NO4,2020-02-10,1,127.85714285714286,0.12785714285714286
NO5,2020-02-10,1,122.3809523809524,0.1223809523809524
NO1,2020-02-17,1,98.27380952380953,0.09827380952380953
NO2,2020-02-17,1,96.13095238095238,0.09613095238095237
NO3,2020-02-17,1,102.79761904761904,0.10279761904761904
NO4,2020-02-17,1,102.79761904761904,0.10279761904761904
NO5,2020-02-17,1,98.27380952380953,0.09827380952380953
NO1,2020-02-24,1,106.36904761904762,0.10636904761904763
NO2,2020-02-24,1,101.60714285714286,0.10160714285714285
NO3,2020-02-24,1,153.21428571428572,0.15321428571428572
NO4,2020-02-24,1,153.21428571428572,0.15321428571428572
NO5,2020-02-24,1,106.36904761904762,0.10636904761904763
NO1,2020-03-02,1,106.42857142857143,0.10642857142857143
NO2,2020-03-02,1,105.17857142857144,0.10517857142857144
NO3,2020-03-02,1,143.98809523809524,0.14398809523809525
NO4,2020-03-02,1,143.98809523809524,0.14398809523809525
NO5,2020-03-02,1,106.42857142857143,0.10642857142857143
NO1,2020-03-09,1,95.41666666666667,0.09541666666666668
NO2,2020-03-09,1,95.35714285714285,0.09535714285714285
NO3,2020-03-09,1,101.01190476190476,0.10101190476190476
NO4,2020-03-09,1,101.01190476190476,0.10101190476190476
NO5,2020-03-09,1,95.41666666666667,0.09541666666666668
NO1,2020-03-16,1,86.30952380952381,0.08630952380952381
NO2,2020-03-16,1,86.30952380952381,0.08630952380952381
NO3,2020-03-16,1,90.53571428571429,0.09053571428571429
NO4,2020-03-16,1,90.53571428571429,0.09053571428571429
NO5,2020-03-16,1,86.30952380952381,0.08630952380952381
NO1,2020-03-23,1,75.65476190476191,0.0756547619047619
NO2,2020-03-23,1,75.23809523809524,0.07523809523809524
NO3,2020-03-23,1,72.44047619047619,0.0724404761904762
NO4,2020-03-23,1,72.44047619047619,0.0724404761904762
NO5,2020-03-23,1,75.65476190476191,0.0756547619047619
NO1,2020-03-30,1,55.35714285714286,0.05535714285714286
NO2,2020-03-30,1,55.35714285714286,0.05535714285714286
NO3,2020-03-30,1,56.13095238095238,0.05613095238095238
NO4,2020-03-30,1,56.13095238095238,0.05613095238095238
NO5,2020-03-30,1,55.35714285714286,0.05535714285714286
NO1,2020-04-06,1,51.48809523809524,0.05148809523809524
NO2,2020-04-06,1,51.48809523809524,0.05148809523809524
NO3,2020-04-06,1,45.833333333333336,0.04583333333333334
NO4,2020-04-06,1,45.833333333333336,0.04583333333333334
NO5,2020-04-06,1,51.48809523809524,0.05148809523809524
NO1,2020-04-13,1,50.654761904761905,0.050654761904761904
NO2,2020-04-13,1,50.654761904761905,0.050654761904761904
NO3,2020-04-13,1,43.095238095238095,0.043095238095238096
NO4,2020-04-13,1,45.53571428571429,0.04553571428571429
NO5,2020-04-13,1,50.654761904761905,0.050654761904761904
NO1,2020-04-20,1,56.90476190476191,0.05690476190476191
NO2,2020-04-20,1,56.78571428571428,0.05678571428571428
NO3,2020-04-20,1,57.4404761904762,0.057440476190476195
NO4,2020-04-20,1,57.4404761904762,0.057440476190476195
NO5,2020-04-20,1,56.90476190476191,0.05690476190476191
NO1,2020-04-27,1,62.44047619047619,0.06244047619047619
NO2,2020-04-27,1,62.44047619047619,0.06244047619047619
NO3,2020-04-27,1,76.07142857142857,0.07607142857142857
NO4,2020-04-27,1,79.16666666666667,0.07916666666666668
NO5,2020-04-27,1,62.44047619047619,0.06244047619047619
NO1,2020-05-04,1,82.79761904761905,0.08279761904761905
NO2,2020-05-04,1,82.79761904761905,0.08279761904761905
NO3,2020-05-04,1,84.28571428571428,0.08428571428571428
NO4,2020-05-04,1,84.3452380952381,0.0843452380952381
NO5,2020-05-04,1,82.79761904761905,0.08279761904761905
NO1,2020-05-11,1,125.05952380952381,0.12505952380952381
NO2,2020-05-11,1,123.92857142857143,0.12392857142857143
NO3,2020-05-11,1,122.50000000000001,0.12250000000000001
NO4,2020-05-11,1,122.50000000000001,0.12250000000000001
NO5,2020-05-11,1,125.05952380952381,0.12505952380952381
NO1,2020-05-18,1,90.83333333333333,0.09083333333333334
NO2,2020-05-18,1,90.83333333333333,0.09083333333333334
NO3,2020-05-18,1,136.1904761904762,0.1361904761904762
NO4,2020-05-18,1,136.1904761904762,0.1361904761904762
NO5,2020-05-18,1,90.83333333333333,0.09083333333333334
NO1,2020-05-25,1,26.071428571428573,0.026071428571428572
NO2,2020-05-25,1,26.071428571428573,0.026071428571428572
NO3,2020-05-25,1,48.74999999999999,0.048749999999999995
NO4,2020-05-25,1,54.464285714285715,0.054464285714285715
NO5,2020-05-25,1,26.071428571428573,0.026071428571428572
NO1,2020-06-01,1,18.80952380952381,0.01880952380952381
NO2,2020-06-01,1,18.80952380952381,0.01880952380952381
NO3,2020-06-01,1,50.297619047619044,0.05029761904761904
NO4,2020-06-01,1,50.297619047619044,0.05029761904761904
NO5,2020-06-01,1,18.80952380952381,0.01880952380952381
NO1,2020-06-08,1,18.273809523809526,0.018273809523809526
NO2,2020-06-08,1,18.273809523809526,0.018273809523809526
NO3,2020-06-08,1,39.82142857142858,0.03982142857142858
NO4,2020-06-08,1,39.82142857142858,0.03982142857142858
NO5,2020-06-08,1,18.273809523809526,0.018273809523809526
NO1,2020-06-15,1,18.095238095238095,0.018095238095238095
NO2,2020-06-15,1,18.095238095238095,0.018095238095238095
NO3,2020-06-15,1,25.833333333333332,0.025833333333333333
NO4,2020-06-15,1,25.833333333333332,0.025833333333333333
NO5,2020-06-15,1,18.095238095238095,0.018095238095238095
NO1,2020-06-22,1,15.714285714285715,0.015714285714285715
NO2,2020-06-22,1,15.714285714285715,0.015714285714285715
NO3,2020-06-22,1,23.988095238095237,0.02398809523809524
NO4,2020-06-22,1,23.988095238095237,0.02398809523809524
NO5,2020-06-22,1,15.714285714285715,0.015714285714285715
NO1,2020-06-29,1,11.666666666666668,0.011666666666666667
NO2,2020-06-29,1,11.666666666666668,0.011666666666666667
NO3,2020-06-29,1,22.67857142857143,0.02267857142857143
NO4,2020-06-29,1,22.857142857142858,0.022857142857142857
NO5,2020-06-29,1,11.666666666666668,0.011666666666666667
NO1,2020-07-06,1,15.833333333333334,0.015833333333333335
NO2,2020-07-06,1,15.833333333333334,0.015833333333333335
NO3,2020-07-06,1,23.214285714285715,0.023214285714285715
NO4,2020-07-06,1,30.119047619047617,0.030119047619047618
NO5,2020-07-06,1,15.833333333333334,0.015833333333333335
NO1,2020-07-13,1,20.0,0.02
NO2,2020-07-13,1,20.0,0.02
NO3,2020-07-13,1,38.69047619047619,0.03869047619047619
NO4,2020-07-13,1,40.357142857142854,0.040357142857142855
NO5,2020-07-13,1,20.0,0.02
NO1,2020-07-20,1,19.702380952380953,0.019702380952380954
NO2,2020-07-20,1,19.702380952380953,0.019702380952380954
NO3,2020-07-20,1,30.416666666666668,0.030416666666666668
NO4,2020-07-20,1,30.416666666666668,0.030416666666666668
NO5,2020-07-20,1,19.702380952380953,0.019702380952380954
NO1,2020-07-27,1,14.642857142857142,0.014642857142857143
NO2,2020-07-27,1,14.642857142857142,0.014642857142857143
NO3,2020-07-27,1,20.595238095238095,0.020595238095238094
NO4,2020-07-27,1,20.595238095238095,0.020595238095238094
NO5,2020-07-27,1,14.642857142857142,0.014642857142857143
NO1,2020-08-03,1,11.666666666666668,0.011666666666666667
NO2,2020-08-03,1,13.035714285714286,0.013035714285714286
NO3,2020-08-03,1,27.916666666666664,0.027916666666666663
NO4,2020-08-03,1,27.916666666666664,0.027916666666666663
NO5,2020-08-03,1,11.666666666666668,0.011666666666666667
NO1,2020-08-10,1,21.13095238095238,0.02113095238095238
NO2,2020-08-10,1,26.250000000000004,0.026250000000000002
NO3,2020-08-10,1,56.726190476190474,0.05672619047619047
NO4,2020-08-10,1,55.833333333333336,0.05583333333333334
NO5,2020-08-10,1,18.392857142857142,0.01839285714285714
NO1,2020-08-17,1,39.10714285714286,0.03910714285714286
NO2,2020-08-17,1,41.24999999999999,0.041249999999999995
NO3,2020-08-17,1,69.99999999999999,0.06999999999999999
NO4,2020-08-17,1,66.78571428571429,0.0667857142857143
NO5,2020-08-17,1,33.92857142857143,0.03392857142857143
NO1,2020-08-24,1,74.94047619047619,0.0749404761904762
NO2,2020-08-24,1,74.94047619047619,0.0749404761904762
NO3,2020-08-24,1,107.20238095238096,0.10720238095238097
NO4,2020-08-24,1,89.04761904761905,0.08904761904761906
NO5,2020-08-24,1,72.32142857142858,0.07232142857142858
NO1,2020-08-31,1,165.83333333333334,0.16583333333333333
NO2,2020-08-31,1,165.83333333333334,0.16583333333333333
NO3,2020-08-31,1,195.71428571428572,0.19571428571428573
NO4,2020-08-31,1,128.45238095238096,0.12845238095238096
NO5,2020-08-31,1,165.83333333333334,0.16583333333333333
NO1,2020-09-07,1,124.88095238095238,0.12488095238095238
NO2,2020-09-07,1,124.88095238095238,0.12488095238095238
NO3,2020-09-07,1,136.42857142857142,0.13642857142857143
NO4,2020-09-07,1,106.1309523809524,0.1061309523809524
NO5,2020-09-07,1,124.88095238095238,0.12488095238095238
NO1,2020-09-14,1,103.69047619047619,0.1036904761904762
NO2,2020-09-14,1,103.69047619047619,0.1036904761904762
NO3,2020-09-14,1,98.45238095238095,0.09845238095238094
NO4,2020-09-14,1,69.52380952380952,0.06952380952380952
NO5,2020-09-14,1,103.63095238095238,0.10363095238095238
NO1,2020-09-21,1,56.8452380952381,0.0568452380952381
NO2,2020-09-21,1,56.8452380952381,0.0568452380952381
NO3,2020-09-21,1,45.23809523809524,0.045238095238095244
NO4,2020-09-21,1,22.142857142857146,0.022142857142857145
NO5,2020-09-21,1,51.42857142857144,0.051428571428571435
NO1,2020-09-28,1,29.404761904761905,0.029404761904761906
NO2,2020-09-28,1,29.404761904761905,0.029404761904761906
NO3,2020-09-28,1,36.845238095238095,0.0368452380952381
NO4,2020-09-28,1,32.857142857142854,0.032857142857142856
NO5,2020-09-28,1,29.166666666666668,0.029166666666666667
NO1,2020-10-05,1,103.8690476190476,0.10386904761904761
NO2,2020-10-05,1,103.8690476190476,0.10386904761904761
NO3,2020-10-05,1,97.20238095238096,0.09720238095238096
NO4,2020-10-05,1,74.46428571428572,0.07446428571428572
NO5,2020-10-05,1,99.28571428571428,0.09928571428571428
NO1,2020-10-12,1,214.46428571428572,0.21446428571428572
NO2,2020-10-12,1,214.46428571428572,0.21446428571428572
NO3,2020-10-12,1,175.59523809523807,0.17559523809523808
NO4,2020-10-12,1,140.29761904761907,0.14029761904761906
NO5,2020-10-12,1,206.42857142857144,0.20642857142857143
NO1,2020-10-19,1,190.53571428571428,0.19053571428571428
NO2,2020-10-19,1,190.59523809523813,0.19059523809523812
NO3,2020-10-19,1,180.0595238095238,0.1800595238095238
NO4,2020-10-19,1,130.47619047619048,0.1304761904761905
NO5,2020-10-19,1,177.91666666666666,0.17791666666666667
NO1,2020-10-26,1,116.1309523809524,0.11613095238095239
NO2,2020-10-26,1,116.1309523809524,0.11613095238095239
NO3,2020-10-26,1,113.74999999999999,0.11374999999999999
NO4,2020-10-26,1,105.89285714285714,0.10589285714285714
NO5,2020-10-26,1,116.19047619047619,0.11619047619047619
NO1,2020-11-02,1,49.40476190476191,0.04940476190476191
NO2,2020-11-02,1,49.40476190476191,0.04940476190476191
NO3,2020-11-02,1,44.583333333333336,0.044583333333333336
NO4,2020-11-02,1,45.00000000000001,0.045000000000000005
NO5,2020-11-02,1,50.238095238095234,0.050238095238095234
NO1,2020-11-09,1,57.85714285714286,0.057857142857142864
NO2,2020-11-09,1,57.85714285714286,0.057857142857142864
NO3,2020-11-09,1,64.46428571428571,0.06446428571428571
NO4,2020-11-09,1,64.34523809523809,0.0643452380952381
NO5,2020-11-09,1,57.85714285714286,0.057857142857142864
NO1,2020-11-16,1,14.583333333333334,0.014583333333333334
NO2,2020-11-16,1,14.583333333333334,0.014583333333333334
NO3,2020-11-16,1,30.0,0.03
NO4,2020-11-16,1,30.059523809523807,0.030059523809523807
NO5,2020-11-16,1,14.583333333333334,0.014583333333333334
NO1,2020-11-23,1,64.76190476190477,0.06476190476190477
NO2,2020-11-23,1,64.76190476190477,0.06476190476190477
NO3,2020-11-23,1,78.39285714285714,0.07839285714285714
NO4,2020-11-23,1,76.48809523809523,0.07648809523809523
NO5,2020-11-23,1,64.76190476190477,0.06476190476190477
NO1,2020-11-30,1,179.16666666666666,0.17916666666666667
NO2,2020-11-30,1,179.16666666666666,0.17916666666666667
NO3,2020-11-30,1,125.53571428571428,0.12553571428571428
NO4,2020-11-30,1,116.66666666666667,0.11666666666666667
NO5,2020-11-30,1,179.16666666666666,0.17916666666666667
NO1,2020-12-07,1,268.45238095238096,0.26845238095238094
NO2,2020-12-07,1,268.45238095238096,0.26845238095238094
NO3,2020-12-07,1,149.58333333333331,0.14958333333333332
NO4,2020-12-07,1,142.38095238095238,0.14238095238095239
NO5,2020-12-07,1,244.94047619047618,0.24494047619047618
NO1,2020-12-14,1,216.42857142857142,0.21642857142857141
NO2,2020-12-14,1,216.42857142857142,0.21642857142857141
NO3,2020-12-14,1,170.23809523809524,0.17023809523809524
NO4,2020-12-14,1,154.46428571428572,0.15446428571428572
NO5,2020-12-14,1,216.30952380952385,0.21630952380952384
NO1,2020-12-21,1,171.4880952380952,0.17148809523809522
NO2,2020-12-21,1,171.60714285714286,0.17160714285714287
NO3,2020-12-21,1,132.5,0.1325
NO4,2020-12-21,1,131.36904761904762,0.1313690476190476
NO5,2020-12-21,1,171.4880952380952,0.17148809523809522
NO1,2020-12-28,1,251.48809523809524,0.25148809523809523
NO2,2020-12-28,1,251.48809523809524,0.25148809523809523
NO3,2020-12-28,1,230.11904761904765,0.23011904761904764
NO4,2020-12-28,1,196.66666666666666,0.19666666666666666
NO5,2020-12-28,1,251.48809523809524,0.25148809523809523
NO1,2021-01-04,1,548.6904761904763,0.5486904761904763
NO2,2021-01-04,1,548.6904761904763,0.5486904761904763
NO3,2021-01-04,1,527.1428571428571,0.5271428571428571
NO4,2021-01-04,1,289.5238095238095,0.2895238095238095
NO5,2021-01-04,1,548.6904761904763,0.5486904761904763
NO1,2021-01-11,1,559.9404761904761,0.5599404761904762
NO2,2021-01-11,1,559.8214285714286,0.5598214285714286
NO3,2021-01-11,1,460.8928571428571,0.4608928571428571
NO4,2021-01-11,1,433.5714285714286,0.4335714285714286
NO5,2021-01-11,1,559.8214285714286,0.5598214285714286
NO1,2021-01-18,1,419.04761904761904,0.41904761904761906
NO2,2021-01-18,1,419.04761904761904,0.41904761904761906
NO3,2021-01-18,1,378.0952380952381,0.3780952380952381
NO4,2021-01-18,1,355.8928571428571,0.3558928571428571
NO5,2021-01-18,1,419.5833333333333,0.4195833333333333
NO1,2021-01-25,1,571.1309523809523,0.5711309523809524
NO2,2021-01-25,1,565.1190476190476,0.5651190476190476
NO3,2021-01-25,1,525.5357142857143,0.5255357142857143
NO4,2021-01-25,1,487.0238095238096,0.4870238095238096
NO5,2021-01-25,1,568.0357142857143,0.5680357142857143
NO1,2021-02-01,1,636.7261904761905,0.6367261904761905
NO2,2021-02-01,1,502.8571428571429,0.5028571428571429
NO3,2021-02-01,1,542.3214285714287,0.5423214285714286
NO4,2021-02-01,1,503.0357142857144,0.5030357142857144
NO5,2021-02-01,1,632.7976190476192,0.6327976190476191
NO1,2021-02-08,1,698.1547619047619,0.6981547619047619
NO2,2021-02-08,1,626.6666666666667,0.6266666666666667
NO3,2021-02-08,1,496.42857142857144,0.49642857142857144
NO4,2021-02-08,1,483.3928571428571,0.4833928571428571
NO5,2021-02-08,1,698.1547619047619,0.6981547619047619
NO1,2021-02-15,1,483.45238095238096,0.48345238095238097
NO2,2021-02-15,1,460.05952380952385,0.46005952380952386
NO3,2021-02-15,1,411.36904761904765,0.41136904761904763
NO4,2021-02-15,1,401.48809523809524,0.40148809523809526
NO5,2021-02-15,1,483.45238095238096,0.48345238095238097
NO1,2021-02-22,1,361.90476190476187,0.3619047619047619
NO2,2021-02-22,1,361.90476190476187,0.3619047619047619
NO3,2021-02-22,1,312.73809523809524,0.31273809523809526
NO4,2021-02-22,1,312.20238095238096,0.31220238095238095
NO5,2021-02-22,1,361.90476190476187,0.3619047619047619
NO1,2021-03-01,1,422.50000000000006,0.42250000000000004
NO2,2021-03-01,1,422.50000000000006,0.42250000000000004
NO3,2021-03-01,1,258.9880952380953,0.2589880952380953
NO4,2021-03-01,1,258.9880952380953,0.2589880952380953
NO5,2021-03-01,1,422.50000000000006,0.42250000000000004
NO1,2021-03-08,1,434.70238095238096,0.43470238095238095
NO2,2021-03-08,1,434.3452380952381,0.43434523809523806
NO3,2021-03-08,1,272.85714285714283,0.27285714285714285
NO4,2021-03-08,1,272.85714285714283,0.27285714285714285
NO5,2021-03-08,1,434.70238095238096,0.43470238095238095
NO1,2021-03-15,1,439.40476190476187,0.43940476190476185
NO2,2021-03-15,1,439.40476190476187,0.43940476190476185
NO3,2021-03-15,1,290.8333333333333,0.29083333333333333
NO4,2021-03-15,1,282.26190476190476,0.28226190476190477
NO5,2021-03-15,1,439.40476190476187,0.43940476190476185
NO1,2021-03-22,1,403.2738095238095,0.40327380952380953
NO2,2021-03-22,1,403.2738095238095,0.40327380952380953
NO3,2021-03-22,1,216.8452380952381,0.2168452380952381
NO4,2021-03-22,1,216.7857142857143,0.2167857142857143
NO5,2021-03-22,1,403.2738095238095,0.40327380952380953
NO1,2021-03-29,1,362.3809523809524,0.3623809523809524
NO2,2021-03-29,1,362.3809523809524,0.3623809523809524
NO3,2021-03-29,1,177.14285714285717,0.17714285714285716
NO4,2021-03-29,1,177.44047619047618,0.17744047619047618
NO5,2021-03-29,1,368.51190476190476,0.36851190476190476
NO1,2021-04-05,1,386.66666666666663,0.3866666666666666
NO2,2021-04-05,1,358.3928571428571,0.3583928571428571
NO3,2021-04-05,1,201.48809523809524,0.20148809523809524
NO4,2021-04-05,1,201.48809523809524,0.20148809523809524
NO5,2021-04-05,1,374.16666666666663,0.37416666666666665
NO1,2021-04-12,1,511.66666666666663,0.5116666666666666
NO2,2021-04-12,1,506.1904761904762,0.5061904761904762
NO3,2021-04-12,1,258.3333333333333,0.2583333333333333
NO4,2021-04-12,1,251.25000000000003,0.25125000000000003
NO5,2021-04-12,1,482.79761904761904,0.48279761904761903
NO1,2021-04-19,1,445.7738095238095,0.4457738095238095
NO2,2021-04-19,1,445.7738095238095,0.4457738095238095
NO3,2021-04-19,1,261.7261904761904,0.26172619047619045
NO4,2021-04-19,1,241.42857142857144,0.24142857142857144
NO5,2021-04-19,1,445.89285714285717,0.44589285714285715
NO1,2021-04-26,1,535.8928571428572,0.5358928571428572
NO2,2021-04-26,1,534.2261904761905,0.5342261904761905
NO3,2021-04-26,1,507.0238095238095,0.5070238095238095
NO4,2021-04-26,1,496.3690476190476,0.4963690476190476
NO5,2021-04-26,1,535.8928571428572,0.5358928571428572
NO1,2021-05-03,1,535.1190476190476,0.5351190476190476
NO2,2021-05-03,1,534.8809523809523,0.5348809523809523
NO3,2021-05-03,1,494.0476190476191,0.49404761904761907
NO4,2021-05-03,1,488.45238095238096,0.48845238095238097
NO5,2021-05-03,1,543.2142857142858,0.5432142857142858
NO1,2021-05-10,1,494.9404761904762,0.4949404761904762
NO2,2021-05-10,1,495.05952380952385,0.49505952380952384
NO3,2021-05-10,1,326.42857142857144,0.32642857142857146
NO4,2021-05-10,1,315.7142857142857,0.3157142857142857
NO5,2021-05-10,1,495.1785714285714,0.4951785714285714
NO1,2021-05-17,1,425.83333333333337,0.4258333333333334
NO2,2021-05-17,1,426.07142857142856,0.42607142857142855
NO3,2021-05-17,1,310.7738095238095,0.3107738095238095
NO4,2021-05-17,1,251.9047619047619,0.2519047619047619
NO5,2021-05-17,1,426.07142857142856,0.42607142857142855
NO1,2021-05-24,1,479.10714285714283,0.47910714285714284
NO2,2021-05-24,1,480.2380952380953,0.4802380952380953
NO3,2021-05-24,1,319.16666666666663,0.31916666666666665
NO4,2021-05-24,1,233.80952380952382,0.23380952380952383
NO5,2021-05-24,1,479.10714285714283,0.47910714285714284
NO1,2021-05-31,1,496.9047619047619,0.4969047619047619
NO2,2021-05-31,1,555.4761904761906,0.5554761904761906
NO3,2021-05-31,1,409.76190476190476,0.40976190476190477
NO4,2021-05-31,1,231.13095238095238,0.23113095238095238
NO5,2021-05-31,1,496.9047619047619,0.4969047619047619
NO1,2021-06-07,1,461.4285714285714,0.4614285714285714
NO2,2021-06-07,1,498.33333333333337,0.49833333333333335
NO3,2021-06-07,1,407.6785714285714,0.4076785714285714
NO4,2021-06-07,1,180.95238095238093,0.18095238095238095
NO5,2021-06-07,1,460.29761904761904,0.460297619047619
NO1,2021-06-14,1,438.15476190476187,0.4381547619047619
NO2,2021-06-14,1,520.0,0.52
NO3,2021-06-14,1,277.4404761904762,0.2774404761904762
NO4,2021-06-14,1,213.51190476190473,0.21351190476190474
NO5,2021-06-14,1,438.15476190476187,0.4381547619047619
NO1,2021-06-21,1,468.2738095238095,0.46827380952380954
NO2,2021-06-21,1,588.452380952381,0.588452380952381
NO3,2021-06-21,1,324.7023809523809,0.3247023809523809
NO4,2021-06-21,1,219.76190476190476,0.21976190476190477
NO5,2021-06-21,1,468.2738095238095,0.46827380952380954
NO1,2021-06-28,1,521.1309523809524,0.5211309523809524
NO2,2021-06-28,1,612.8571428571428,0.6128571428571428
NO3,2021-06-28,1,419.34523809523813,0.4193452380952381
NO4,2021-06-28,1,221.1904761904762,0.22119047619047622
NO5,2021-06-28,1,521.1309523809524,0.5211309523809524
NO1,2021-07-05,1,581.1904761904761,0.5811904761904761
NO2,2021-07-05,1,598.2142857142857,0.5982142857142857
NO3,2021-07-05,1,533.8095238095237,0.5338095238095237
NO4,2021-07-05,1,222.85714285714283,0.22285714285714284
NO5,2021-07-05,1,581.1904761904761,0.5811904761904761
NO1,2021-07-12,1,582.8571428571429,0.5828571428571429
NO2,2021-07-12,1,587.4404761904761,0.5874404761904761
NO3,2021-07-12,1,440.9523809523809,0.44095238095238093
NO4,2021-07-12,1,207.5,0.2075
NO5,2021-07-12,1,582.8571428571429,0.5828571428571429
NO1,2021-07-19,1,608.6309523809523,0.6086309523809523
NO2,2021-07-19,1,623.6309523809523,0.6236309523809523
NO3,2021-07-19,1,467.6785714285715,0.4676785714285715
NO4,2021-07-19,1,202.08333333333334,0.20208333333333334
NO5,2021-07-19,1,608.6309523809523,0.6086309523809523
NO1,2021-07-26,1,565.1190476190476,0.5651190476190476
NO2,2021-07-26,1,569.8809523809524,0.5698809523809524
NO3,2021-07-26,1,471.36904761904765,0.47136904761904763
NO4,2021-07-26,1,300.65476190476187,0.30065476190476187
NO5,2021-07-26,1,565.1190476190476,0.5651190476190476
NO1,2021-08-02,1,597.6190476190476,0.5976190476190476
NO2,2021-08-02,1,598.5119047619047,0.5985119047619047
NO3,2021-08-02,1,562.9761904761905,0.5629761904761905
NO4,2021-08-02,1,469.88095238095235,0.46988095238095234
NO5,2021-08-02,1,600.5357142857143,0.6005357142857143
NO1,2021-08-09,1,714.4047619047619,0.7144047619047619
NO2,2021-08-09,1,714.4047619047619,0.7144047619047619
NO3,2021-08-09,1,750.8928571428571,0.7508928571428571
NO4,2021-08-09,1,317.38095238095235,0.3173809523809524
NO5,2021-08-09,1,714.4047619047619,0.7144047619047619
NO1,2021-08-16,1,765.952380952381,0.7659523809523809
NO2,2021-08-16,1,765.952380952381,0.7659523809523809
NO3,2021-08-16,1,559.9999999999999,0.5599999999999999
NO4,2021-08-16,1,451.6666666666667,0.45166666666666666
NO5,2021-08-16,1,765.952380952381,0.7659523809523809
NO1,2021-08-23,1,847.9166666666666,0.8479166666666667
NO2,2021-08-23,1,847.9166666666666,0.8479166666666667
NO3,2021-08-23,1,543.2738095238095,0.5432738095238095
NO4,2021-08-23,1,543.2738095238095,0.5432738095238095
NO5,2021-08-23,1,848.1547619047619,0.8481547619047619
NO1,2021-08-30,1,1029.345238095238,1.0293452380952381
NO2,2021-08-30,1,1029.345238095238,1.0293452380952381
NO3,2021-08-30,1,486.6666666666667,0.4866666666666667
NO4,2021-08-30,1,486.6666666666667,0.4866666666666667
NO5,2021-08-30,1,1029.345238095238,1.0293452380952381
NO1,2021-09-06,1,1096.1904761904761,1.0961904761904762
NO2,2021-09-06,1,1096.1904761904761,1.0961904761904762
NO3,2021-09-06,1,497.8571428571429,0.4978571428571429
NO4,2021-09-06,1,496.6071428571428,0.4966071428571428
NO5,2021-09-06,1,1096.1904761904761,1.0961904761904762
NO1,2021-09-13,1,1131.9642857142856,1.1319642857142855
NO2,2021-09-13,1,1131.9642857142856,1.1319642857142855
NO3,2021-09-13,1,604.8809523809524,0.6048809523809524
NO4,2021-09-13,1,556.8452380952381,0.5568452380952381
NO5,2021-09-13,1,1131.9642857142856,1.1319642857142855
NO1,2021-09-20,1,1095.2380952380954,1.0952380952380953
NO2,2021-09-20,1,1095.2380952380954,1.0952380952380953
NO3,2021-09-20,1,574.1666666666666,0.5741666666666666
NO4,2021-09-20,1,508.9285714285714,0.5089285714285714
NO5,2021-09-20,1,1095.2380952380954,1.0952380952380953
NO1,2021-09-27,1,909.9999999999999,0.9099999999999999
NO2,2021-09-27,1,911.8452380952381,0.9118452380952381
NO3,2021-09-27,1,430.47619047619054,0.4304761904761905
NO4,2021-09-27,1,409.28571428571433,0.4092857142857143
NO5,2021-09-27,1,919.4047619047619,0.919404761904762
NO1,2021-10-04,1,1072.6190476190475,1.0726190476190476
NO2,2021-10-04,1,1123.8095238095239,1.1238095238095238
NO3,2021-10-04,1,427.7976190476191,0.4277976190476191
NO4,2021-10-04,1,324.4047619047619,0.3244047619047619
NO5,2021-10-04,1,1072.6190476190475,1.0726190476190476
NO1,2021-10-11,1,1055.7142857142858,1.0557142857142858
NO2,2021-10-11,1,1057.142857142857,1.0571428571428572
NO3,2021-10-11,1,233.86904761904762,0.23386904761904762
NO4,2021-10-11,1,233.27380952380952,0.23327380952380952
NO5,2021-10-11,1,1055.7142857142858,1.0557142857142858
NO1,2021-10-18,1,1014.5833333333331,1.0145833333333332
NO2,2021-10-18,1,1014.7619047619047,1.0147619047619048
NO3,2021-10-18,1,156.07142857142856,0.15607142857142856
NO4,2021-10-18,1,156.25,0.15625
NO5,2021-10-18,1,997.6785714285716,0.9976785714285715
NO1,2021-10-25,1,802.2023809523811,0.8022023809523811
NO2,2021-10-25,1,802.4404761904761,0.8024404761904762
NO3,2021-10-25,1,144.46428571428572,0.1444642857142857
NO4,2021-10-25,1,146.96428571428572,0.14696428571428571
NO5,2021-10-25,1,802.2023809523811,0.8022023809523811
NO1,2021-11-01,1,842.0833333333333,0.8420833333333333
NO2,2021-11-01,1,842.4999999999999,0.8424999999999999
NO3,2021-11-01,1,150.71428571428572,0.15071428571428572
NO4,2021-11-01,1,146.96428571428572,0.14696428571428571
NO5,2021-11-01,1,847.797619047619,0.8477976190476191
NO1,2021-11-08,1,945.3571428571428,0.9453571428571428
NO2,2021-11-08,1,945.3571428571428,0.9453571428571428
NO3,2021-11-08,1,144.34523809523807,0.14434523809523808
NO4,2021-11-08,1,144.34523809523807,0.14434523809523808
NO5,2021-11-08,1,945.3571428571428,0.9453571428571428
NO1,2021-11-15,1,909.9999999999999,0.9099999999999999
NO2,2021-11-15,1,909.9999999999999,0.9099999999999999
NO3,2021-11-15,1,135.77380952380955,0.13577380952380955
NO4,2021-11-15,1,135.77380952380955,0.13577380952380955
NO5,2021-11-15,1,909.9999999999999,0.9099999999999999
NO1,2021-11-22,1,1297.6785714285716,1.2976785714285715
NO2,2021-11-22,1,1297.6785714285716,1.2976785714285715
NO3,2021-11-22,1,819.5238095238095,0.8195238095238095
NO4,2021-11-22,1,822.4404761904761,0.8224404761904761
NO5,2021-11-22,1,1297.6785714285716,1.2976785714285715
NO1,2021-11-29,1,1605.8333333333333,1.6058333333333332
NO2,2021-11-29,1,1603.452380952381,1.6034523809523809
NO3,2021-11-29,1,1363.0357142857144,1.3630357142857144
NO4,2021-11-29,1,1363.0357142857144,1.3630357142857144
NO5,2021-11-29,1,1603.9285714285713,1.6039285714285714
NO1,2021-12-06,1,1516.3690476190477,1.5163690476190477
NO2,2021-12-06,1,1516.3690476190477,1.5163690476190477
NO3,2021-12-06,1,708.5119047619047,0.7085119047619047
NO4,2021-12-06,1,708.5119047619047,0.7085119047619047
NO5,2021-12-06,1,1499.2857142857142,1.4992857142857143
NO1,2021-12-13,1,1605.2380952380954,1.6052380952380954
NO2,2021-12-13,1,1605.2380952380954,1.6052380952380954
NO3,2021-12-13,1,275.0595238095238,0.2750595238095238
NO4,2021-12-13,1,275.0595238095238,0.2750595238095238
NO5,2021-12-13,1,1605.2380952380954,1.6052380952380954
NO1,2021-12-20,1,2579.345238095238,2.579345238095238
NO2,2021-12-20,1,2579.345238095238,2.579345238095238
NO3,2021-12-20,1,483.03571428571433,0.48303571428571435
NO4,2021-12-20,1,483.03571428571433,0.48303571428571435
NO5,2021-12-20,1,2578.988095238095,2.578988095238095
NO1,2021-12-27,1,1444.047619047619,1.444047619047619
NO2,2021-12-27,1,1444.047619047619,1.444047619047619
NO3,2021-12-27,1,507.1428571428571,0.5071428571428571
NO4,2021-12-27,1,502.9761904761905,0.5029761904761905
NO5,2021-12-27,1,1444.047619047619,1.444047619047619
NO1,2022-01-03,1,1492.142857142857,1.4921428571428572
NO2,2022-01-03,1,1492.142857142857,1.4921428571428572
NO3,2022-01-03,1,460.53571428571433,0.4605357142857143
NO4,2022-01-03,1,457.2619047619048,0.4572619047619048
NO5,2022-01-03,1,1437.6785714285713,1.4376785714285714
NO1,2022-01-10,1,1461.4880952380954,1.4614880952380953
NO2,2022-01-10,1,1461.4880952380954,1.4614880952380953
NO3,2022-01-10,1,244.22619047619048,0.24422619047619049
NO4,2022-01-10,1,240.5952380952381,0.2405952380952381
NO5,2022-01-10,1,1405.8333333333333,1.4058333333333333
NO1,2022-01-17,1,1388.2142857142856,1.3882142857142856
NO2,2022-01-17,1,1388.0357142857142,1.3880357142857143
NO3,2022-01-17,1,155.1190476190476,0.1551190476190476
NO4,2022-01-17,1,155.1190476190476,0.1551190476190476
NO5,2022-01-17,1,1371.1309523809523,1.3711309523809523
NO1,2022-01-24,1,1307.6785714285716,1.3076785714285715
NO2,2022-01-24,1,1307.6785714285716,1.3076785714285715
NO3,2022-01-24,1,160.77380952380955,0.16077380952380954
NO4,2022-01-24,1,160.77380952380955,0.16077380952380954
NO5,2022-01-24,1,1307.6785714285716,1.3076785714285715
NO1,2022-01-31,1,1342.3809523809525,1.3423809523809525
NO2,2022-01-31,1,1342.3809523809525,1.3423809523809525
NO3,2022-01-31,1,262.3809523809524,0.2623809523809524
NO4,2022-01-31,1,189.58333333333334,0.18958333333333335
NO5,2022-01-31,1,1302.7380952380952,1.3027380952380951
NO1,2022-02-07,1,1196.9642857142858,1.1969642857142857
NO2,2022-02-07,1,1196.9642857142858,1.1969642857142857
NO3,2022-02-07,1,131.60714285714286,0.13160714285714287
NO4,2022-02-07,1,131.60714285714286,0.13160714285714287
NO5,2022-02-07,1,1196.9642857142858,1.1969642857142857
NO1,2022-02-14,1,1075.952380952381,1.075952380952381
NO2,2022-02-14,1,1075.952380952381,1.075952380952381
NO3,2022-02-14,1,144.34523809523807,0.14434523809523808
NO4,2022-02-14,1,142.85714285714286,0.14285714285714285
NO5,2022-02-14,1,1075.0595238095239,1.075059523809524
NO1,2022-02-21,1,1229.404761904762,1.229404761904762
NO2,2022-02-21,1,1229.404761904762,1.229404761904762
NO3,2022-02-21,1,200.41666666666669,0.2004166666666667
NO4,2022-02-21,1,200.29761904761904,0.20029761904761903
NO5,2022-02-21,1,1229.404761904762,1.229404761904762
NO1,2022-02-28,1,1666.7261904761906,1.6667261904761905
NO2,2022-02-28,1,1666.7261904761906,1.6667261904761905
NO3,2022-02-28,1,150.11904761904762,0.15011904761904762
NO4,2022-02-28,1,144.88095238095238,0.1448809523809524
NO5,2022-02-28,1,1666.7261904761906,1.6667261904761905
NO1,2022-03-07,1,2076.428571428571,2.076428571428571
NO2,2022-03-07,1,2076.428571428571,2.076428571428571
NO3,2022-03-07,1,148.51190476190476,0.14851190476190476
NO4,2022-03-07,1,147.61904761904762,0.14761904761904762
NO5,2022-03-07,1,2076.904761904762,2.076904761904762
NO1,2022-03-14,1,1816.7857142857144,1.8167857142857144
NO2,2022-03-14,1,1816.7857142857144,1.8167857142857144
NO3,2022-03-14,1,141.36904761904762,0.14136904761904762
NO4,2022-03-14,1,138.57142857142856,0.13857142857142857
NO5,2022-03-14,1,1816.7857142857144,1.8167857142857144
NO1,2022-03-21,1,1809.107142857143,1.8091071428571428
NO2,2022-03-21,1,1809.107142857143,1.8091071428571428
NO3,2022-03-21,1,149.46428571428572,0.14946428571428572
NO4,2022-03-21,1,135.0,0.135
NO5,2022-03-21,1,1809.107142857143,1.8091071428571428
NO1,2022-03-28,1,1888.9285714285713,1.8889285714285713
NO2,2022-03-28,1,1888.9285714285713,1.8889285714285713
NO3,2022-03-28,1,417.2619047619047,0.4172619047619047
NO4,2022-03-28,1,205.5357142857143,0.2055357142857143
NO5,2022-03-28,1,1888.9285714285713,1.8889285714285713
NO1,2022-04-04,1,1638.2738095238096,1.6382738095238096
NO2,2022-04-04,1,1638.2738095238096,1.6382738095238096
NO3,2022-04-04,1,346.9642857142857,0.3469642857142857
NO4,2022-04-04,1,241.78571428571428,0.24178571428571427
NO5,2022-04-04,1,1638.2738095238096,1.6382738095238096
NO1,2022-04-11,1,1823.971526755032,1.823971526755032
NO2,2022-04-11,1,1823.971526755032,1.823971526755032
NO3,2022-04-11,1,644.598060873834,0.644598060873834
NO4,2022-04-11,1,194.23600883652432,0.1942360088365243
NO5,2022-04-11,1,1823.971526755032,1.823971526755032
NO1,2022-04-18,1,1680.0165684830636,1.6800165684830635
NO2,2022-04-18,1,1680.0165684830636,1.6800165684830635
NO3,2022-04-18,1,548.2590819833088,0.5482590819833087
NO4,2022-04-18,1,133.68065783014237,0.13368065783014238
NO5,2022-04-18,1,1680.0165684830636,1.6800165684830635
NO1,2022-04-25,1,1983.9285714285716,1.9839285714285715
NO2,2022-04-25,1,1979.4047619047622,1.9794047619047621
NO3,2022-04-25,1,268.15476190476187,0.2681547619047619
NO4,2022-04-25,1,147.97619047619048,0.14797619047619048
NO5,2022-04-25,1,1982.5595238095236,1.9825595238095237
NO1,2022-05-02,1,2061.7261904761904,2.0617261904761905
NO2,2022-05-02,1,2061.7261904761904,2.0617261904761905
NO3,2022-05-02,1,140.83333333333334,0.14083333333333334
NO4,2022-05-02,1,122.02380952380952,0.12202380952380952
NO5,2022-05-02,1,2061.7261904761904,2.0617261904761905
NO1,2022-05-09,1,1656.4285714285713,1.6564285714285714
NO2,2022-05-09,1,1656.4285714285713,1.6564285714285714
NO3,2022-05-09,1,111.90476190476191,0.11190476190476191
NO4,2022-05-09,1,111.90476190476191,0.11190476190476191
NO5,2022-05-09,1,1656.4285714285713,1.6564285714285714
NO1,2022-05-16,1,1754.8214285714284,1.7548214285714285
NO2,2022-05-16,1,1754.8214285714284,1.7548214285714285
NO3,2022-05-16,1,145.77380952380952,0.14577380952380953
NO4,2022-05-16,1,124.10714285714286,0.12410714285714286
NO5,2022-05-16,1,1754.8214285714284,1.7548214285714285
NO1,2022-05-23,1,1067.142857142857,1.0671428571428572
NO2,2022-05-23,1,1070.7142857142858,1.0707142857142857
NO3,2022-05-23,1,89.76190476190476,0.08976190476190476
NO4,2022-05-23,1,83.33333333333333,0.08333333333333333
NO5,2022-05-23,1,1067.142857142857,1.0671428571428572
NO1,2022-05-30,1,1617.6785714285713,1.6176785714285713
NO2,2022-05-30,1,1657.4404761904761,1.6574404761904762
NO3,2022-05-30,1,381.54761904761904,0.381547619047619
NO4,2022-05-30,1,108.21428571428571,0.10821428571428571
NO5,2022-05-30,1,1617.6785714285713,1.6176785714285713
NO1,2022-06-06,1,1262.0833333333335,1.2620833333333334
NO2,2022-06-06,1,1427.6785714285713,1.4276785714285714
NO3,2022-06-06,1,112.26190476190476,0.11226190476190476
NO4,2022-06-06,1,100.6547619047619,0.1006547619047619
NO5,2022-06-06,1,1262.0833333333335,1.2620833333333334
NO1,2022-06-13,1,1525.4761904761906,1.5254761904761907
NO2,2022-06-13,1,1804.5833333333335,1.8045833333333334
NO3,2022-06-13,1,99.10714285714285,0.09910714285714285
NO4,2022-06-13,1,99.58333333333333,0.09958333333333333
NO5,2022-06-13,1,1522.3214285714287,1.5223214285714286
NO1,2022-06-20,1,1594.404761904762,1.5944047619047619
NO2,2022-06-20,1,2219.404761904762,2.219404761904762
NO3,2022-06-20,1,77.14285714285715,0.07714285714285715
NO4,2022-06-20,1,77.14285714285715,0.07714285714285715
NO5,2022-06-20,1,1594.404761904762,1.5944047619047619
NO1,2022-06-27,1,1618.8690476190477,1.6188690476190477
NO2,2022-06-27,1,2293.8690476190477,2.2938690476190478
NO3,2022-06-27,1,25.357142857142854,0.025357142857142856
NO4,2022-06-27,1,25.357142857142854,0.025357142857142856
NO5,2022-06-27,1,1618.8690476190477,1.6188690476190477
NO1,2022-07-04,1,1461.7261904761904,1.4617261904761905
NO2,2022-07-04,1,1920.7738095238096,1.9207738095238096
NO3,2022-07-04,1,16.607142857142858,0.01660714285714286
NO4,2022-07-04,1,18.03571428571429,0.018035714285714287
NO5,2022-07-04,1,1461.7261904761904,1.4617261904761905
NO1,2022-07-11,1,1638.6309523809525,1.6386309523809526
NO2,2022-07-11,1,2506.428571428571,2.5064285714285712
NO3,2022-07-11,1,19.583333333333336,0.019583333333333335
NO4,2022-07-11,1,19.583333333333336,0.019583333333333335
NO5,2022-07-11,1,1638.6309523809525,1.6386309523809526
NO1,2022-07-18,1,1687.9761904761904,1.6879761904761903
NO2,2022-07-18,1,3075.5952380952385,3.0755952380952385
NO3,2022-07-18,1,21.547619047619047,0.021547619047619048
NO4,2022-07-18,1,21.547619047619047,0.021547619047619048
NO5,2022-07-18,1,1687.9761904761904,1.6879761904761903
NO1,2022-07-25,1,1900.1190476190475,1.9001190476190475
NO2,2022-07-25,1,3212.0238095238096,3.2120238095238096
NO3,2022-07-25,1,21.488095238095237,0.021488095238095237
NO4,2022-07-25,1,21.488095238095237,0.021488095238095237
NO5,2022-07-25,1,1900.1190476190475,1.9001190476190475
NO1,2022-12-26,1,1124.81458333333,1.1248145833333298
NO2,2022-12-26,1,1124.81458333333,1.1248145833333298
NO5,2022-12-26,1,1125.2525,1.1252525
NO1,2023-01-02,1,1245.9667261904801,1.24596672619048
NO2,2023-01-02,1,1245.9667261904801,1.24596672619048
NO5,2023-01-02,1,1252.18523809524,1.25218523809524
NO1,2023-01-09,1,998.61,0.99861
NO2,2023-01-09,1,998.61,0.99861
NO5,2023-01-09,1,1100.45708333333,1.10045708333333
NO1,2023-01-16,1,1463.5238095238099,1.46352380952381
NO2,2023-01-16,1,1463.5238095238099,1.46352380952381
NO5,2023-01-16,1,1463.65101190476,1.46365101190476
NO1,2023-01-23,1,1465.0880952380999,1.4650880952380998
NO2,2023-01-23,1,1465.0880952380999,1.4650880952380998
NO5,2023-01-23,1,1453.21428571429,1.45321428571429
NO1,2023-01-30,1,1173.3249404761898,1.1733249404761898
NO2,2023-01-30,1,1173.3249404761898,1.1733249404761898
NO5,2023-01-30,1,1131.2385119047601,1.13123851190476
NO1,2023-02-06,1,1164.2042261904799,1.16420422619048
NO2,2023-02-06,1,1164.23273809524,1.16423273809524
NO5,2023-02-06,1,1146.96148809524,1.14696148809524
NO1,2023-02-13,1,1139.8651190476198,1.13986511904762
NO2,2023-02-13,1,1142.91720238095,1.14291720238095
NO5,2023-02-13,1,1051.02071428571,1.05102071428571
NO1,2023-02-20,1,1045.1956547619,1.0451956547619
NO2,2023-02-20,1,1045.1956547619,1.0451956547619
NO5,2023-02-20,1,1029.8163690476201,1.02981636904762
NO1,2023-02-27,1,1226.7096428571401,1.22670964285714
NO2,2023-02-27,1,1226.7096428571401,1.22670964285714
NO5,2023-02-27,1,1226.69202380952,1.22669202380952
NO1,2023-03-06,1,1292.91994047619,1.29291994047619
NO2,2023-03-06,1,1292.9205952381,1.2929205952381
NO5,2023-03-06,1,1289.48005952381,1.28948005952381
NO1,2023-03-13,1,1079.76202380952,1.07976202380952
NO2,2023-03-13,1,1079.8225,1.0798225
NO5,2023-03-13,1,1084.86833333333,1.08486833333333
NO1,2023-03-20,1,933.510538922156,0.933510538922156
NO2,2023-03-20,1,933.5105389221552,0.9335105389221552
NO5,2023-03-20,1,949.8548502994009,0.949854850299401
NO1,2023-03-27,1,1103.50017857143,1.10350017857143
NO2,2023-03-27,1,1103.50017857143,1.10350017857143
NO5,2023-03-27,1,1103.50017857143,1.10350017857143
NO1,2023-04-03,1,1236.46351190476,1.23646351190476
NO2,2023-04-03,1,1236.46351190476,1.23646351190476
NO5,2023-04-03,1,1238.21470238095,1.23821470238095
NO1,2023-04-10,1,1002.8679166666701,1.00286791666667
NO2,2023-04-10,1,1002.8679166666701,1.00286791666667
NO5,2023-04-10,1,1062.30761904762,1.06230761904762
NO1,2023-04-17,1,1094.48035714286,1.0944803571428598
NO2,2023-04-17,1,1094.48035714286,1.0944803571428598
NO5,2023-04-17,1,1101.93029761905,1.10193029761905
NO1,2023-04-24,1,1133.54952380952,1.13354952380952
NO2,2023-04-24,1,1133.54952380952,1.13354952380952
NO5,2023-04-24,1,1149.4313095238101,1.14943130952381
NO1,2023-05-01,1,1056.3222619047601,1.05632226190476
NO2,2023-05-01,1,1056.3222619047601,1.05632226190476
NO5,2023-05-01,1,1071.27988095238,1.07127988095238
NO1,2023-05-08,1,894.1063095238089,0.894106309523809
NO2,2023-05-08,1,903.0773809523807,0.9030773809523808
NO5,2023-05-08,1,894.1063095238089,0.894106309523809
NO1,2023-05-15,1,676.9486904761909,0.6769486904761909
NO2,2023-05-15,1,688.5576785714289,0.6885576785714289
NO5,2023-05-15,1,676.9486904761899,0.6769486904761899
NO1,2023-05-22,1,609.9926785714289,0.6099926785714289
NO2,2023-05-22,1,652.453511904762,0.652453511904762
NO5,2023-05-22,1,611.8145238095241,0.6118145238095241
NO1,2023-05-29,1,563.296190476191,0.563296190476191
NO2,2023-05-29,1,654.06244047619,0.65406244047619
NO5,2023-05-29,1,563.29619047619,0.56329619047619
NO1,2023-06-05,1,602.008511904762,0.602008511904762
NO2,2023-06-05,1,800.150238095238,0.800150238095238
NO5,2023-06-05,1,603.9994047619051,0.6039994047619051
NO1,2023-06-12,1,835.781488095238,0.835781488095238
NO2,2023-06-12,1,1059.65636904762,1.05965636904762
NO5,2023-06-12,1,835.781488095239,0.835781488095239
NO1,2023-06-19,1,788.930892857143,0.788930892857143
NO2,2023-06-19,1,1138.29773809524,1.13829773809524
NO5,2023-06-19,1,788.930892857143,0.788930892857143
NO1,2023-06-26,1,678.538749999999,0.6785387499999991
NO2,2023-06-26,1,861.5401190476191,0.8615401190476191
NO5,2023-06-26,1,675.1719642857139,0.6751719642857139
NO1,2023-07-03,1,600.2691666666669,0.600269166666667
NO2,2023-07-03,1,847.6400595238099,0.8476400595238099
NO5,2023-07-03,1,602.5550595238091,0.6025550595238091
NO1,2023-07-10,1,418.06535714285695,0.418065357142857
NO2,2023-07-10,1,672.965357142857,0.672965357142857
NO5,2023-07-10,1,434.465238095238,0.434465238095238
NO1,2023-07-17,1,182.58303571428598,0.182583035714286
NO2,2023-07-17,1,611.761845238095,0.6117618452380951
NO5,2023-07-17,1,182.58303571428598,0.182583035714286
NO1,2023-07-24,1,286.142619047619,0.286142619047619
NO2,2023-07-24,1,695.996666666667,0.695996666666667
NO5,2023-07-24,1,286.142619047619,0.286142619047619
NO1,2023-07-31,1,276.287678571429,0.276287678571429
NO2,2023-07-31,1,640.628869047619,0.640628869047619
NO5,2023-07-31,1,276.287678571429,0.276287678571429
NO1,2023-08-07,1,108.169345238095,0.108169345238095
NO2,2023-08-07,1,405.466071428571,0.405466071428571
NO5,2023-08-07,1,108.774404761905,0.108774404761905
NO1,2023-08-14,1,212.6740476190479,0.2126740476190479
NO2,2023-08-14,1,807.499642857143,0.807499642857143
NO5,2023-08-14,1,212.6740476190479,0.2126740476190479
NO1,2023-08-21,1,203.85196428571402,0.203851964285714
NO2,2023-08-21,1,926.7377976190479,0.926737797619048
NO5,2023-08-21,1,203.85196428571402,0.203851964285714
NO1,2023-08-28,1,158.044047619048,0.158044047619048
NO2,2023-08-28,1,906.091785714286,0.906091785714286
NO5,2023-08-28,1,158.044047619048,0.158044047619048
NO1,2023-09-04,1,26.4909523809524,0.0264909523809524
NO2,2023-09-04,1,856.0104761904761,0.8560104761904761
NO5,2023-09-04,1,26.4909523809524,0.0264909523809524
NO1,2023-09-11,1,17.230178571428603,0.0172301785714286
NO2,2023-09-11,1,794.0865476190479,0.794086547619048
NO5,2023-09-11,1,17.230178571428603,0.0172301785714286
NO1,2023-09-18,1,-8.4002380952381,-0.0084002380952381
NO2,2023-09-18,1,179.35303571428602,0.179353035714286
NO5,2023-09-18,1,-8.844166666666599,-0.0088441666666666
NO1,2023-09-25,1,-6.1590476190476,-0.0061590476190476
NO2,2023-09-25,1,338.838214285714,0.338838214285714
NO5,2023-09-25,1,-6.1590476190476,-0.0061590476190476
NO1,2023-10-02,1,27.129404761904798,0.0271294047619048
NO2,2023-10-02,1,242.578392857143,0.242578392857143
NO5,2023-10-02,1,27.129404761904798,0.0271294047619048
NO1,2023-10-09,1,270.615119047619,0.270615119047619
NO2,2023-10-09,1,320.0879761904759,0.3200879761904759
NO5,2023-10-09,1,270.615119047619,0.270615119047619
NO1,2023-10-16,1,511.2863690476189,0.5112863690476189
NO2,2023-10-16,1,511.69291666666606,0.511692916666666
NO5,2023-10-16,1,511.2863690476189,0.5112863690476189
NO1,2023-10-23,1,826.779585798817,0.826779585798817
NO2,2023-10-23,1,826.7879289940829,0.8267879289940829
NO5,2023-10-23,1,808.06798816568,0.80806798816568
NO1,2023-10-30,1,702.209523809524,0.702209523809524
NO2,2023-10-30,1,702.2095238095229,0.702209523809523
NO5,2023-10-30,1,704.140654761905,0.704140654761905
NO1,2023-11-06,1,996.3015476190473,0.9963015476190472
NO2,2023-11-06,1,996.3015476190473,0.9963015476190472
NO5,2023-11-06,1,996.3015476190479,0.996301547619048
NO1,2023-11-13,1,1086.7894642857102,1.08678946428571
NO2,2023-11-13,1,1086.7894642857102,1.08678946428571
NO5,2023-11-13,1,1086.7894642857102,1.08678946428571
NO1,2023-11-20,1,1076.5438690476199,1.07654386904762
NO2,2023-11-20,1,1076.5445833333301,1.07654458333333
NO5,2023-11-20,1,1076.88333333333,1.07688333333333
NO1,2023-11-27,1,1520.1800595238099,1.52018005952381
NO2,2023-11-27,1,1520.1800595238099,1.52018005952381
NO5,2023-11-27,1,1520.1800595238099,1.52018005952381
NO1,2023-12-04,1,1330.4594047619098,1.3304594047619098
NO2,2023-12-04,1,1214.37517857143,1.21437517857143
NO5,2023-12-04,1,1215.99315476191,1.21599315476191
NO1,2023-12-11,1,968.6900595238101,0.96869005952381
NO2,2023-12-11,1,968.1466666666669,0.9681466666666668
NO5,2023-12-11,1,968.6482142857141,0.968648214285714
NO1,2023-12-18,1,586.2604166666671,0.5862604166666671
NO2,2023-12-18,1,585.0712500000001,0.58507125
NO5,2023-12-18,1,653.0053571428571,0.653005357142857
NO1,2023-12-25,1,634.495714285714,0.634495714285714
NO2,2023-12-25,1,634.454285714286,0.634454285714286
NO5,2023-12-25,1,681.8200595238101,0.6818200595238101
NO1,2024-01-01,1,1034.35910714286,1.03435910714286
NO2,2024-01-01,1,862.934702380952,0.8629347023809519
NO5,2024-01-01,1,1051.09375,1.05109375
NO1,2024-01-08,1,1075.5568452380999,1.0755568452381
NO2,2024-01-08,1,1071.99476190476,1.07199476190476
NO5,2024-01-08,1,1060.6544047619,1.0606544047619
NO1,2024-01-15,1,1018.4644642857099,1.01846446428571
NO2,2024-01-15,1,943.2226190476192,0.9432226190476192
NO5,2024-01-15,1,934.6922023809519,0.934692202380952
NO1,2024-01-22,1,638.507142857143,0.6385071428571429
NO2,2024-01-22,1,638.507142857143,0.6385071428571429
NO5,2024-01-22,1,672.716071428571,0.672716071428571
NO1,2024-01-29,1,594.069702380952,0.594069702380952
NO2,2024-01-29,1,594.069702380952,0.594069702380952
NO5,2024-01-29,1,601.661428571428,0.601661428571428
NO1,2024-02-05,1,769.377857142857,0.769377857142857
NO2,2024-02-05,1,749.858273809524,0.749858273809524
NO5,2024-02-05,1,779.7911309523811,0.7797911309523811
NO1,2024-02-12,1,722.5277380952381,0.7225277380952381
NO2,2024-02-12,1,722.3478571428572,0.7223478571428571
NO5,2024-02-12,1,720.262083333333,0.720262083333333
NO1,2024-02-19,1,620.0993452380959,0.620099345238096
NO2,2024-02-19,1,620.099345238095,0.620099345238095
NO5,2024-02-19,1,618.680892857143,0.618680892857143
NO1,2024-02-26,1,649.9908928571431,0.6499908928571431
NO2,2024-02-26,1,649.9908928571431,0.6499908928571431
NO5,2024-02-26,1,649.9908928571431,0.6499908928571431
NO1,2024-03-04,1,725.08875,0.7250887500000001
NO2,2024-03-04,1,725.08875,0.7250887500000001
NO5,2024-03-04,1,722.063928571429,0.722063928571429
NO1,2024-03-11,1,665.8008333333331,0.6658008333333331
NO2,2024-03-11,1,665.8008333333331,0.6658008333333331
NO5,2024-03-11,1,667.762678571429,0.667762678571429
NO1,2024-03-18,1,674.2199999999999,0.6742199999999999
NO2,2024-03-18,1,674.2199999999999,0.6742199999999999
NO5,2024-03-18,1,690.4811904761909,0.6904811904761909
NO1,2024-03-25,1,653.889700598803,0.6538897005988029
NO2,2024-03-25,1,653.967365269461,0.653967365269461
NO5,2024-03-25,1,690.749640718563,0.690749640718563
NO1,2024-04-01,1,542.681547619048,0.5426815476190481
NO2,2024-04-01,1,538.69494047619,0.53869494047619
NO5,2024-04-01,1,616.8005357142861,0.6168005357142861
NO1,2024-04-08,1,411.006904761905,0.411006904761905
NO2,2024-04-08,1,407.39666666666704,0.407396666666667
NO5,2024-04-08,1,449.304642857143,0.449304642857143
NO1,2024-04-15,1,648.7449404761909,0.6487449404761909
NO2,2024-04-15,1,648.5797023809521,0.6485797023809521
NO5,2024-04-15,1,661.219642857143,0.661219642857143
NO1,2024-04-22,1,797.042380952381,0.797042380952381
NO2,2024-04-22,1,788.180773809524,0.788180773809524
NO5,2024-04-22,1,827.205654761905,0.827205654761905
NO1,2024-04-29,1,412.750059523809,0.412750059523809
NO2,2024-04-29,1,448.16726190476203,0.448167261904762
NO5,2024-04-29,1,442.04482142857097,0.442044821428571
NO1,2024-05-06,1,531.887976190476,0.531887976190476
NO2,2024-05-06,1,602.02875,0.60202875
NO5,2024-05-06,1,532.418154761905,0.532418154761905
NO1,2024-05-13,1,236.3578571428569,0.2363578571428569
NO2,2024-05-13,1,281.423988095238,0.281423988095238
NO5,2024-05-13,1,236.501964285714,0.236501964285714
NO1,2024-05-20,1,320.93755952380997,0.32093755952381
NO2,2024-05-20,1,509.38708333333307,0.509387083333333
NO5,2024-05-20,1,321.101845238095,0.321101845238095
NO1,2024-05-27,1,398.990178571429,0.398990178571429
NO2,2024-05-27,1,565.835476190476,0.565835476190476
NO5,2024-05-27,1,398.990178571429,0.398990178571429
NO1,2024-06-03,1,379.31375,0.37931375
NO2,2024-06-03,1,474.907321428571,0.474907321428571
NO5,2024-06-03,1,399.277083333333,0.399277083333333
NO1,2024-06-10,1,410.018333333334,0.410018333333334
NO2,2024-06-10,1,450.102321428571,0.450102321428571
NO5,2024-06-10,1,416.775654761905,0.416775654761905
NO1,2024-06-17,1,454.370357142857,0.454370357142857
NO2,2024-06-17,1,604.518511904762,0.604518511904762
NO5,2024-06-17,1,451.74202380952397,0.451742023809524
NO1,2024-06-24,1,328.089107142857,0.328089107142857
NO2,2024-06-24,1,427.46273809523797,0.427462738095238
NO5,2024-06-24,1,333.708690476191,0.333708690476191
NO1,2024-07-01,1,266.39916666666704,0.266399166666667
NO2,2024-07-01,1,300.887083333333,0.300887083333333
NO5,2024-07-01,1,342.65892857142796,0.342658928571428
NO1,2024-07-08,1,363.4208333333329,0.3634208333333329
NO2,2024-07-08,1,401.669285714286,0.401669285714286
NO5,2024-07-08,1,382.764047619048,0.382764047619048
NO1,2024-07-15,1,296.81630952381,0.29681630952381
NO2,2024-07-15,1,396.37160714285693,0.3963716071428569
NO5,2024-07-15,1,301.963214285714,0.301963214285714
NO1,2024-07-22,1,236.70261904761898,0.236702619047619
NO2,2024-07-22,1,453.72988095238,0.45372988095238
NO5,2024-07-22,1,258.19267857142904,0.258192678571429
NO1,2024-07-29,1,253.619166666667,0.253619166666667
NO2,2024-07-29,1,607.4235714285711,0.6074235714285711
NO5,2024-07-29,1,260.63267857142904,0.260632678571429
NO1,2024-08-05,1,175.968154761905,0.175968154761905
NO2,2024-08-05,1,431.720773809524,0.431720773809524
NO5,2024-08-05,1,199.563809523809,0.199563809523809
NO1,2024-08-12,1,176.34011904761888,0.1763401190476189
NO2,2024-08-12,1,591.6336309523809,0.591633630952381
NO5,2024-08-12,1,176.34011904761888,0.1763401190476189
NO1,2024-08-19,1,39.0732738095238,0.0390732738095238
NO2,2024-08-19,1,357.865,0.357865
NO5,2024-08-19,1,42.5873214285714,0.0425873214285714
NO1,2024-08-26,1,64.9252976190476,0.0649252976190476
NO2,2024-08-26,1,439.2150595238099,0.4392150595238099
NO5,2024-08-26,1,41.4779761904762,0.0414779761904762
NO1,2024-09-02,1,251.74916666666704,0.251749166666667
NO2,2024-09-02,1,496.170416666667,0.496170416666667
NO5,2024-09-02,1,251.74916666666704,0.251749166666667
NO1,2024-09-09,1,91.0964880952381,0.0910964880952381
NO2,2024-09-09,1,466.71601190476196,0.466716011904762
NO5,2024-09-09,1,74.3770833333333,0.0743770833333333
NO1,2024-09-16,1,251.719642857143,0.251719642857143
NO2,2024-09-16,1,471.402678571428,0.471402678571428
NO5,2024-09-16,1,172.93601190476198,0.172936011904762
NO1,2024-09-23,1,234.198988095238,0.234198988095238
NO2,2024-09-23,1,384.935297619048,0.384935297619048
NO5,2024-09-23,1,237.341309523809,0.237341309523809
NO1,2024-09-30,1,506.253452380952,0.506253452380952
NO2,2024-09-30,1,538.882321428571,0.538882321428571
NO5,2024-09-30,1,490.09690476190497,0.490096904761905
NO1,2024-10-07,1,433.35476190476203,0.433354761904762
NO2,2024-10-07,1,461.021130952381,0.461021130952381
NO5,2024-10-07,1,458.959285714285,0.458959285714285
NO1,2024-10-14,1,450.065297619048,0.450065297619048
NO2,2024-10-14,1,453.120833333333,0.453120833333333
NO5,2024-10-14,1,469.338452380952,0.469338452380952
NO1,2024-10-21,1,272.13094674556197,0.272130946745562
NO2,2024-10-21,1,455.59106508875703,0.455591065088757
NO5,2024-10-21,1,272.2178106508879,0.2722178106508879
NO1,2024-10-28,1,196.05005952381,0.19605005952381
NO2,2024-10-28,1,464.521547619048,0.464521547619048
NO5,2024-10-28,1,140.901488095238,0.140901488095238
NO1,2024-11-04,1,413.368273809524,0.413368273809524
NO2,2024-11-04,1,564.153928571429,0.564153928571429
NO5,2024-11-04,1,290.72869047618997,0.29072869047619
NO1,2024-11-11,1,517.16994047619,0.51716994047619
NO2,2024-11-11,1,550.6517857142861,0.5506517857142861
NO5,2024-11-11,1,481.41785714285703,0.481417857142857
NO1,2024-11-18,1,911.795178571429,0.911795178571429
NO2,2024-11-18,1,974.814464285714,0.974814464285714
NO5,2024-11-18,1,847.556071428571,0.847556071428571
NO1,2024-11-25,1,573.054821428572,0.573054821428572
NO2,2024-11-25,1,600.6039880952379,0.600603988095238
NO5,2024-11-25,1,537.455178571429,0.537455178571429
NO1,2024-12-02,1,715.8317857142861,0.7158317857142861
NO2,2024-12-02,1,816.6372023809529,0.8166372023809529
NO5,2024-12-02,1,589.630416666667,0.5896304166666669
NO1,2024-12-09,1,1253.26363095238,1.25326363095238
NO2,2024-12-09,1,1573.43029761905,1.57343029761905
NO5,2024-12-09,1,827.641130952381,0.827641130952381
NO1,2024-12-16,1,317.719523809524,0.317719523809524
NO2,2024-12-16,1,327.680952380952,0.327680952380952
NO5,2024-12-16,1,294.41202380952404,0.294412023809524
NO1,2024-12-23,1,355.99625000000003,0.35599625
NO2,2024-12-23,1,405.933333333333,0.405933333333333
NO5,2024-12-23,1,331.96392857142797,0.331963928571428
NO1,2024-12-30,1,596.101428571429,0.596101428571429
NO2,2024-12-30,1,636.410654761905,0.636410654761905
NO5,2024-12-30,1,509.28916666666703,0.509289166666667
NO1,2025-01-06,1,707.1712499999999,0.7071712499999999
NO2,2025-01-06,1,718.013928571428,0.718013928571428
NO5,2025-01-06,1,667.895476190476,0.667895476190476
NO1,2025-01-13,1,536.122559523809,0.5361225595238089
NO2,2025-01-13,1,539.981666666667,0.539981666666667
NO5,2025-01-13,1,430.291488095238,0.430291488095238
NO1,2025-01-20,1,1002.07595238095,1.00207595238095
NO2,2025-01-20,1,1060.32535714286,1.06032535714286
NO5,2025-01-20,1,763.7017857142849,0.7637017857142849
NO1,2025-01-27,1,912.7803571428572,0.9127803571428572
NO2,2025-01-27,1,933.233988095238,0.933233988095238
NO5,2025-01-27,1,744.4738095238099,0.7444738095238099
NO1,2025-02-03,1,939.3721428571432,0.9393721428571432
NO2,2025-02-03,1,955.28369047619,0.95528369047619
NO5,2025-02-03,1,748.4492261904759,0.7484492261904759
NO1,2025-02-10,1,1237.38970238095,1.23738970238095
NO2,2025-02-10,1,1267.78595238095,1.26778595238095
NO5,2025-02-10,1,1170.77196428571,1.17077196428571
NO1,2025-02-17,1,915.6310119047621,0.915631011904762
NO2,2025-02-17,1,943.8088095238099,0.94380880952381
NO5,2025-02-17,1,815.11625,0.81511625
NO1,2025-02-24,1,587.832202380952,0.587832202380952
NO2,2025-02-24,1,648.501785714285,0.648501785714285
NO5,2025-02-24,1,519.303154761905,0.519303154761905
NO1,2025-03-03,1,385.8202380952379,0.3858202380952379
NO2,2025-03-03,1,418.531785714286,0.418531785714286
NO5,2025-03-03,1,378.229047619048,0.378229047619048
NO1,2025-03-10,1,718.9297619047621,0.7189297619047621
NO2,2025-03-10,1,838.219285714286,0.838219285714286
NO5,2025-03-10,1,525.113928571429,0.525113928571429
NO1,2025-03-17,1,484.999642857143,0.484999642857143
NO2,2025-03-17,1,494.88190476190505,0.494881904761905
NO5,2025-03-17,1,461.77327380952397,0.461773273809524
NO1,2025-03-24,1,498.045449101797,0.498045449101797
NO2,2025-03-24,1,530.0894011976051,0.5300894011976051
NO5,2025-03-24,1,477.313413173653,0.477313413173653
NO1,2025-03-31,1,598.0526785714279,0.598052678571428
NO2,2025-03-31,1,629.441607142857,0.629441607142857
NO5,2025-03-31,1,527.38505952381,0.52738505952381
NO1,2025-04-07,1,579.879940476191,0.579879940476191
NO2,2025-04-07,1,604.63880952381,0.60463880952381
NO5,2025-04-07,1,446.700654761905,0.446700654761905
NO1,2025-04-14,1,484.899523809524,0.484899523809524
NO2,2025-04-14,1,579.665595238095,0.579665595238095
NO5,2025-04-14,1,352.751845238096,0.352751845238096
NO1,2025-04-21,1,762.591904761905,0.762591904761905
NO2,2025-04-21,1,820.844464285714,0.820844464285714
NO5,2025-04-21,1,477.320178571429,0.477320178571429
NO1,2025-04-28,1,547.8392857142861,0.5478392857142861
NO2,2025-04-28,1,587.821547619047,0.587821547619047
NO5,2025-04-28,1,394.551547619048,0.394551547619048
NO1,2025-05-05,1,924.1197619047609,0.924119761904761
NO2,2025-05-05,1,941.634047619047,0.941634047619047
NO5,2025-05-05,1,688.7189285714279,0.6887189285714279
NO1,2025-05-12,1,742.9165476190469,0.7429165476190469
NO2,2025-05-12,1,791.8142261904759,0.7918142261904759
NO5,2025-05-12,1,481.2087499999999,0.4812087499999999
NO1,2025-05-19,1,669.361190476191,0.669361190476191
NO2,2025-05-19,1,703.342678571429,0.7033426785714291
NO5,2025-05-19,1,473.402083333333,0.473402083333333
NO1,2025-05-26,1,572.298154761905,0.572298154761905
NO2,2025-05-26,1,617.206071428571,0.617206071428571
NO5,2025-05-26,1,444.252083333333,0.444252083333333
NO1,2025-06-02,1,551.637142857143,0.5516371428571429
NO2,2025-06-02,1,642.7569642857139,0.6427569642857139
NO5,2025-06-02,1,482.099821428571,0.482099821428571
NO1,2025-06-09,1,584.520535714286,0.584520535714286
NO2,2025-06-09,1,645.6924404761909,0.6456924404761909
NO5,2025-06-09,1,521.717440476191,0.521717440476191
NO1,2025-06-16,1,637.764226190477,0.637764226190477
NO2,2025-06-16,1,716.1771428571429,0.716177142857143
NO5,2025-06-16,1,436.223452380953,0.436223452380953
NO1,2025-06-23,1,396.08869047619,0.39608869047619
NO2,2025-06-23,1,569.697261904762,0.569697261904762
NO5,2025-06-23,1,264.373869047619,0.264373869047619
NO1,2025-06-30,1,424.39011904761895,0.424390119047619
NO2,2025-06-30,1,684.046309523809,0.684046309523809
NO5,2025-06-30,1,236.296071428571,0.236296071428571
NO1,2025-07-07,1,511.823869047619,0.511823869047619
NO2,2025-07-07,1,788.7025,0.7887025
NO5,2025-07-07,1,217.076428571429,0.217076428571429
NO1,2025-07-14,1,529.259880952381,0.529259880952381
NO2,2025-07-14,1,877.959107142857,0.877959107142857
NO5,2025-07-14,1,77.8394642857143,0.0778394642857143
NO1,2025-07-21,1,500.971190476191,0.500971190476191
NO2,2025-07-21,1,932.629107142858,0.932629107142858
NO5,2025-07-21,1,148.00119047619,0.14800119047619
NO1,2025-07-28,1,565.702261904762,0.565702261904762
NO2,2025-07-28,1,810.078452380952,0.810078452380952
NO5,2025-07-28,1,265.270714285714,0.265270714285714
NO1,2025-08-04,1,248.80630952381,0.24880630952381
NO2,2025-08-04,1,570.1789880952381,0.570178988095238
NO5,2025-08-04,1,57.9839285714285,0.0579839285714285
NO1,2025-08-11,1,857.826547619047,0.857826547619047
NO2,2025-08-11,1,907.391964285714,0.907391964285714
NO5,2025-08-11,1,157.825833333333,0.157825833333333
NO1,2025-08-18,1,868.3892261904759,0.868389226190476
NO2,2025-08-18,1,922.3899404761901,0.92238994047619
NO5,2025-08-18,1,496.976547619048,0.496976547619048
NO1,2025-08-25,1,970.3412500000001,0.97034125
NO2,2025-08-25,1,1004.19601190476,1.00419601190476
NO5,2025-08-25,1,794.1371428571431,0.7941371428571431
NO1,2025-09-01,1,709.383214285714,0.7093832142857139
NO2,2025-09-01,1,759.7349404761909,0.759734940476191
NO5,2025-09-01,1,602.61875,0.60261875
NO1,2025-09-08,1,615.729821428571,0.615729821428571
NO2,2025-09-08,1,688.9692857142861,0.6889692857142861
NO5,2025-09-08,1,560.1851190476191,0.560185119047619
NO1,2025-09-15,1,368.110178571429,0.368110178571429
NO2,2025-09-15,1,465.01261904761895,0.465012619047619
NO5,2025-09-15,1,372.07690476190504,0.372076904761905
NO1,2025-09-22,1,669.541309523809,0.669541309523809
NO2,2025-09-22,1,832.944642857143,0.832944642857143
NO5,2025-09-22,1,639.1839285714291,0.639183928571429
NO1,2025-09-29,1,473.53023809523796,0.473530238095238
NO2,2025-09-29,1,583.855476190476,0.583855476190476
NO5,2025-09-29,1,463.3843452380949,0.4633843452380949
NO1,2025-10-06,1,510.47904761904806,0.510479047619048
NO2,2025-10-06,1,775.362261904762,0.775362261904762
NO5,2025-10-06,1,537.909702380952,0.537909702380952
NO1,2025-10-13,1,762.171011904762,0.762171011904762
NO2,2025-10-13,1,876.39375,0.87639375
NO5,2025-10-13,1,631.26994047619,0.63126994047619
NO1,2025-10-20,1,545.348047337278,0.545348047337278
NO2,2025-10-20,1,561.464733727811,0.561464733727811
NO5,2025-10-20,1,547.431893491124,0.547431893491124
NO1,2025-10-27,1,667.0742261904761,0.6670742261904761
NO2,2025-10-27,1,708.1167261904759,0.7081167261904759
NO5,2025-10-27,1,637.53380952381,0.63753380952381
NO1,2025-11-03,1,683.721130952381,0.6837211309523811
NO2,2025-11-03,1,753.5555952380951,0.753555595238095
NO5,2025-11-03,1,636.618630952381,0.6366186309523809
NO1,2025-11-10,1,761.2819047619049,0.7612819047619049
NO2,2025-11-10,1,786.81875,0.78681875
NO5,2025-11-10,1,716.330892857143,0.716330892857143
NO1,2025-11-17,1,1197.10690476191,1.19710690476191
NO2,2025-11-17,1,1166.59154761905,1.16659154761905
NO5,2025-11-17,1,1176.33875,1.17633875
NO1,2025-11-24,1,1158.67773809524,1.15867773809524
NO2,2025-11-24,1,1155.8929761904799,1.15589297619048
NO5,2025-11-24,1,1109.65077380952,1.10965077380952
NO1,2025-12-01,1,903.451726190477,0.903451726190477
NO2,2025-12-01,1,912.229107142858,0.912229107142858
NO5,2025-12-01,1,894.9414880952379,0.8949414880952379
NO1,2025-12-08,1,766.0239880952381,0.7660239880952381
NO2,2025-12-08,1,770.559166666667,0.770559166666667
NO5,2025-12-08,1,744.915952380952,0.744915952380952
NO1,2025-12-15,1,729.262797619047,0.729262797619047
NO2,2025-12-15,1,755.498392857143,0.755498392857143
NO5,2025-12-15,1,687.724583333333,0.6877245833333331
NO1,2025-12-22,1,805.8199999999999,0.80582
NO2,2025-12-22,1,820.748869047619,0.820748869047619
NO5,2025-12-22,1,785.147857142857,0.785147857142857
NO1,2025-12-29,1,924.932261904762,0.924932261904762
NO2,2025-12-29,1,916.819583333334,0.916819583333334
NO5,2025-12-29,1,904.860119047619,0.904860119047619
NO1,2026-01-05,1,1325.36505952381,1.32536505952381
NO2,2026-01-05,1,1296.91839285714,1.29691839285714
NO5,2026-01-05,1,1295.21285714286,1.29521285714286
NO1,2026-01-12,1,1214.25160714286,1.21425160714286
NO2,2026-01-12,1,1151.1995833333299,1.15119958333333
NO5,2026-01-12,1,1159.8033333333299,1.15980333333333
NO1,2026-01-19,1,1328.27601190476,1.32827601190476
NO2,2026-01-19,1,1300.48571428571,1.30048571428571
NO5,2026-01-19,1,1310.07648809524,1.31007648809524
NO1,2026-01-26,1,1411.2608928571399,1.41126089285714
NO2,2026-01-26,1,1347.00488095238,1.34700488095238
NO5,2026-01-26,1,1390.97351190476,1.39097351190476
NO1,2026-02-02,1,1259.41434523809,1.25941434523809
NO2,2026-02-02,1,1222.45648809524,1.22245648809524
NO5,2026-02-02,1,1260.99357142857,1.26099357142857
NO1,2026-02-09,1,1502.74095238095,1.5027409523809498
NO2,2026-02-09,1,1246.1464880952399,1.24614648809524
NO5,2026-02-09,1,1452.70011904762,1.45270011904762
NO1,2026-02-16,1,1178.24696428571,1.17824696428571
NO2,2026-02-16,1,1052.8126190476198,1.05281261904762
NO5,2026-02-16,1,1155.25595238095,1.15525595238095
NO1,2026-02-23,1,1016.7029761904801,1.01670297619048
NO2,2026-02-23,1,995.929166666667,0.995929166666667
NO5,2026-02-23,1,1022.08375,1.02208375
NO1,2026-03-02,1,1217.74297619048,1.21774297619048
NO2,2026-03-02,1,1214.87339285714,1.21487339285714
NO5,2026-03-02,1,1189.25267857143,1.18925267857143
NO1,2026-03-09,1,1179.18958333333,1.17918958333333
NO2,2026-03-09,1,1164.49446428571,1.16449446428571
NO5,2026-03-09,1,1175.4905952381,1.1754905952381
NO1,2026-03-16,1,1091.29041666667,1.09129041666667
NO2,2026-03-16,1,1039.9358333333303,1.0399358333333302
NO5,2026-03-16,1,1166.585,1.166585
